Visualizer ID,Participant Status 
sharpnessnextpouch,Completed
dimnesscranialunheard,Completed
coynessculminatebarista,Completed
spinstersubatomiccoyness,Completed
sadlyskilledlustfully,Completed
unfittedfactoiddivisive,Completed
groinunratedbattery,Completed
exploreparadoxmangle,Completed
penpalsandbanklifting,Completed
showplacefacingsanta,Completed
lyricallymalformedrigor,Completed
neutergoldfishsworn,Completed
debatableuneasyeveryone,Completed
peddlingventricleexert,Completed
collisionmolarbreeze,Completed
faucetsquealingcatapult,Completed
bannisterhardwiredladle,Completed
resupplyclappingyahoo,Completed
punctuatelandingdeferred,Completed
tattlingsupperlegroom,Completed
vagabondnumerousflatterer,Completed
anagramprobingscrooge,Completed
equallustinessuntil,Completed
crestedserpentspongy,Completed
fracturerepurposealgebra,Completed
cohesiveprotractfavored,Completed
attirecrabbinghumbling,Completed
lardcapablemud,Completed
badlandwiltmuseum,Completed
catsupexploitmocker,Completed
reconfirmcremeplethora,Completed
pretendedconstrainfraying,Completed
feistydaycarelung,Completed
gentlykittenthaw,Completed
rebuttalskateroyster,Completed
atlanticchefhatchet,Completed
rangerchildlikequantum,Completed
kinsmanlargewand,Completed
chewingslouchingfailing,Completed
hardyneatnessclobber,Completed
doorpostthesisjubilance,Completed
distresslitigatemassager,Completed
ogleuncladthermos,Completed
grudgehandballcampfire,Completed
anthillfastinglucrative,Completed
evasiongalorebath,Completed
spookysubtotalunreached,Completed
sculpturecrunchingerasure,Completed
defilinganywayimmovable,Completed
parakeettrappeddetector,Completed
unmixableresultfidgety,Completed
subtitlegrievousbazooka,Completed
predatordebatingpredator,Completed
massagerresidencyenlarging,Completed
wrigglecatalyststerility,Completed
dissuadecelestialrelic,Completed
childhoodmovingmagnify,Completed
congestedculpritsaved,Completed
congestedtapssneer,Completed
moodinessgrandmasynopsis,Completed
starlesspayingoutlet,Completed
grumblystiffnessuntainted,Completed
arrivejanitoruniformly,Completed
diagramuncoupleoutput,Completed
residentselfgutter,Completed
congresscyclistdefender,Completed
animateshowerclothes,Completed
retrialgraftedsturdy,Completed
tipoffstarchpartly,Completed
nicknameoverpaycolt,Completed
headphoneoutsmartunfailing,Completed
craftworkattendeeensnare,Completed
tapestryrivetingverify,Completed
unbundleoverbitesixtyfold,Completed
routinesurenessglitzy,Completed
grapethumpingtwenty,Completed
superiorpassablecosmic,Completed
wikipediaetchingcrystal,Completed
rangerabrasivedislike,Completed
idealistsustainerexpansive,Completed
panoramahandcraftcomma,Completed
urchinvariablytrend,Completed
washboardceramicsenticing,Completed
slapstickporcupineslacks,Completed
pandemicerraticobscure,Completed
gammahuffrigging,Completed
trombonetroweldecree,Completed
sublevelcurlyhanky,Completed
endlessroamerreconfirm,Completed
larkshiningaffected,Completed
synapseevaluatechevron,Completed
kangaroozodiaccrudeness,Completed
unfreezefrayingknoll,Completed
certifiedembargobartender,Completed
spearmanshushfreebie,Completed
unveileddismountearwig,Completed
erasuresafeguardravishing,Completed
mountainseclusionchaffing,Completed
genderradiantlycharging,Completed
earflapmaraudingappointee,Completed
persevereriseswoop,Completed
unelectedscrubbeddeflected,Completed
bartenderradiatorapplied,Completed
moisturedecodelyricist,Completed
scarecrowstackcharred,Completed
rippingpeprepose,Completed
resalepartlyfrigidity,Completed
backfirebankedprudishly,Completed
afflictedrevenueepilepsy,Completed
thusflattenengraver,Completed
freightbrisklypopulace,Completed
bondingcoasterdirtiness,Completed
mumblingfoundersubsonic,Completed
reliablydetaildebate,Completed
yearlingfiberspotty,Completed
nucleusbackwatercanning,Completed
headwearskirmishantidote,Completed
landlordastrologycopy,Completed
brinkaminounframed,Completed
enjoyergoofinessgrudge,Completed
whoeverrelightspookily,Completed
caucuscattlemockup,Completed
moocherchemicalsbanker,Completed
espionagechihuahuagraffiti,Completed
remoldexcludingaffair	,Completed
retrievergeckoabroad,Completed
quizzicalpremiumfrayed,Completed
facelesschimpacclaim,Completed
beavertomatoupscale,Completed
housewagontrivial,Completed
handcufffootloosecabful,Completed
mysidvattedlexica,Completed
unraveledlitterpowerably,Completed
orbsquackysyllabuses,Completed
pettytransfixedsolubly,Completed
copybrickcreative,Completed
